<beans xmlns="http://www.springframework.org/schema/beans"
	xmlns:context="http://www.springframework.org/schema/context"
	xmlns:mvc="http://www.springframework.org/schema/mvc" xmlns:wf="http://www.springframework.org/schema/webflow-config"
	xmlns:xsi="http://www.w3.org/2001/XMLSchema-instance"
	xsi:schemaLocation="
	http://www.springframework.org/schema/beans
    http://www.springframework.org/schema/beans/spring-beans.xsd
    http://www.springframework.org/schema/context
    http://www.springframework.org/schema/context/spring-context.xsd
    http://www.springframework.org/schema/mvc
    http://www.springframework.org/schema/mvc/spring-mvc.xsd
    http://www.springframework.org/schema/webflow-config
    http://www.springframework.org/schema/webflow-config/spring-webflow-config.xsd
  
   ">

	<context:annotation-config />
	<context:component-scan base-package="niitprash.ecommerceproject" />
	<context:component-scan base-package="niitprash.ecommercebackend" />


	<bean id="viewResolver"
		class="org.springframework.web.servlet.view.InternalResourceViewResolver">
		<property name="prefix" value="/WEB-INF/views/" />
		<property name="suffix" value=".jsp" />

	</bean>

	<!-- id= multipartResolver -->
	<bean id="multipartResolver"
		class="org.springframework.web.multipart.support.StandardServletMultipartResolver"></bean>
	<!-- Load static resources -->

	<mvc:annotation-driven />

	<mvc:resources location="/assets/" mapping="/resources/**" />

	<!-- Webflow configuration -->

	<wf:flow-executor id="flowExecutor" />

	<wf:flow-registry id="flowRegistry" base-path="/WEB-INF/views/flows"
		flow-builder-services="flowBuilderServices">
		<wf:flow-location-pattern value="/**/*-flow.xml" />
	</wf:flow-registry>

	<wf:flow-builder-services id="flowBuilderServices"
		view-factory-creator="viewFactoryCreator" />


	<bean class="org.springframework.webflow.mvc.servlet.FlowHandlerAdapter">
		<property name="flowExecutor" ref="flowExecutor" />
	</bean>


	<bean class="org.springframework.webflow.mvc.servlet.FlowHandlerMapping">
		<property name="flowRegistry" ref="flowRegistry" />
		<property name="order" value="-1" /> 
	</bean>


	<bean id="viewFactoryCreator" class="org.springframework.webflow.mvc.builder.MvcViewFactoryCreator">
         <property name="viewResolvers" ref="viewResolver" />
 	</bean>	

</beans>